node_id,name,x_coord,y_coord,node_type,ctrl_type,zone_id,geometry,,
1,,42.905549,33.735705,,,0,"POINT (42.905549 33.735705)",,
2,,53.070733,31.776789,,,0,"POINT (53.070733 31.776789)",,
3,,53.335451,32.306226,,,0,"POINT (53.335451 32.306226)",,
4,,46.770436,38.288861,,,0,"POINT (46.770436 38.288861)",,
5,,58.788649,34.318086,,,0,"POINT (58.788649 34.318086)",,
