link_id,name,from_node_id,to_node_id,facility_type,link_type,dir_flag,cell_type,length,lanes,free_speed,capacity,geometry,,
,,1,3,,1,1,-1,985151.25000,1,65.0,1900.0,"LINESTRING (42.905548 33.735704, 53.335451 32.306225)",,
,,3,1,,1,1,-1,985151.25000,1,65.0,1900.0,"LINESTRING (53.335451 32.306228, 42.905549 33.735707)",,
,,4,5,,1,1,-1,1163123.50000,1,65.0,1900.0,"LINESTRING (46.770436 38.288859, 58.788648 34.318084)",,
,,5,4,,1,1,-1,1163123.50000,1,65.0,1900.0,"LINESTRING (58.788649 34.318087, 46.770437 38.288862)",,
